STUDYID;DOMAIN;USUBJID;EPOCH;VISIT;VISITNUM;RFSTDTC;RFENDTC;SITEID;BRTHDTC;AGE;AGEU;SEX;RACE;ETHNIC;ARMCD;ARM;COUNTRY;DMDTC;DMDY
NIDA-CTN-0002;DM;02_000549;SCREENING;BASELINE, ANY DAY PRIOR TO FIRST DOSE;0;2001;2001;;1977;24.309377139;YEARS;F;WHITE;;BUPNAL;BUPRENORPHINE/NALOXONE;USA;2001;-7
NIDA-CTN-0002;DM;02_000852;SCREENING;BASELINE, ANY DAY PRIOR TO FIRST DOSE;0;2002;2002;;1969;32.476386037;YEARS;M;SPANISH, HISPANIC, OR LATINO;HISPANIC;BUPNAL;BUPRENORPHINE/NALOXONE;USA;2002;1
NIDA-CTN-0002;DM;02_002365;ACTIVE;STUDY DAY 1;1;2001;2001;;1952;48.982888433;YEARS;M;BLACK, AFRICAN AMERICAN, OR NEGRO;;BUPNAL;BUPRENORPHINE/NALOXONE;USA;2001;1
NIDA-CTN-0002;DM;02_002504;SCREENING;BASELINE, ANY DAY PRIOR TO FIRST DOSE;0;2001;2001;;1982;19.389459274;YEARS;F;WHITE;;BUPNAL;BUPRENORPHINE/NALOXONE;USA;2001;-1
NIDA-CTN-0002;DM;02_003272;SCREENING;BASELINE, ANY DAY PRIOR TO FIRST DOSE;0;2001;2001;;1959;42.168377823;YEARS;F;OTHER;HISPANIC;BUPNAL;BUPRENORPHINE/NALOXONE;USA;2001;-1
NIDA-CTN-0002;DM;02_003371;SCREENING;BASELINE, ANY DAY PRIOR TO FIRST DOSE;0;;;;1961; ;YEARS;M;;;SCRFAIL;SCREEN FAILURE;USA;2001; 
NIDA-CTN-0002;DM;02_003614;SCREENING;BASELINE, ANY DAY PRIOR TO FIRST DOSE;0;2002;2002;;1971;30.110882957;YEARS;F;WHITE;;BUPNAL;BUPRENORPHINE/NALOXONE;USA;2002;-12
NIDA-CTN-0002;DM;02_004194;SCREENING;BASELINE, ANY DAY PRIOR TO FIRST DOSE;0;2001;2001;;1982;19.203285421;YEARS;M;WHITE;;BUPNAL;BUPRENORPHINE/NALOXONE;USA;2001;1
NIDA-CTN-0002;DM;02_004450;ACTIVE;STUDY DAY 1;1;2001;2001;;1963;38.71321013;YEARS;M;BLACK, AFRICAN AMERICAN, OR NEGRO;;BUPNAL;BUPRENORPHINE/NALOXONE;USA;2001;1
NIDA-CTN-0002;DM;02_004483;ACTIVE;STUDY DAY 1;1;2001;2001;;1960;41.579739904;YEARS;F;BLACK, AFRICAN AMERICAN, OR NEGRO;;CLON;CLONIDINE;USA;2001;1
NIDA-CTN-0002;DM;02_005069;SCREENING;BASELINE, ANY DAY PRIOR TO FIRST DOSE;0;2001;2001;;1975;26.143737166;YEARS;M;WHITE;;BUPNAL;BUPRENORPHINE/NALOXONE;USA;2001;-1
NIDA-CTN-0002;DM;02_005418;SCREENING;BASELINE, ANY DAY PRIOR TO FIRST DOSE;0;2001;2001;;1982;19.529089665;YEARS;F;WHITE;;CLON;CLONIDINE;USA;2001;1
NIDA-CTN-0002;DM;02_006479;SCREENING;BASELINE, ANY DAY PRIOR TO FIRST DOSE;0;2002;2002;;1947;54.954140999;YEARS;M;BLACK, AFRICAN AMERICAN, OR NEGRO;;BUPNAL;BUPRENORPHINE/NALOXONE;USA;2002;-1
NIDA-CTN-0002;DM;02_006759;SCREENING;BASELINE, ANY DAY PRIOR TO FIRST DOSE;0;2001;2001;;1964;36.980150582;YEARS;M;SPANISH, HISPANIC, OR LATINO;HISPANIC;CLON;CLONIDINE;USA;2001;-1
NIDA-CTN-0002;DM;02_007189;SCREENING;BASELINE, ANY DAY PRIOR TO FIRST DOSE;0;2001;2001;;1957;43.937029432;YEARS;M;BLACK, AFRICAN AMERICAN, OR NEGRO;;BUPNAL;BUPRENORPHINE/NALOXONE;USA;2001;-7
NIDA-CTN-0002;DM;02_007784;SCREENING;BASELINE, ANY DAY PRIOR TO FIRST DOSE;0;2001;2001;;1950;51.112936345;YEARS;M;BLACK, AFRICAN AMERICAN, OR NEGRO;;CLON;CLONIDINE;USA;2001;-1
NIDA-CTN-0002;DM;02_008177;SCREENING;BASELINE, ANY DAY PRIOR TO FIRST DOSE;0;2001;2001;;1975;26.308008214;YEARS;M;WHITE;;BUPNAL;BUPRENORPHINE/NALOXONE;USA;2001;1
NIDA-CTN-0002;DM;02_008479;SCREENING;BASELINE, ANY DAY PRIOR TO FIRST DOSE;0;2001;2001;;1952;49.442847365;YEARS;F;BLACK, AFRICAN AMERICAN, OR NEGRO;;BUPNAL;BUPRENORPHINE/NALOXONE;USA;2001;-1
NIDA-CTN-0002;DM;02_008499;SCREENING;BASELINE, ANY DAY PRIOR TO FIRST DOSE;0;2001;2001;;1980;20.914442163;YEARS;M;WHITE;;BUPNAL;BUPRENORPHINE/NALOXONE;USA;2001;1
NIDA-CTN-0002;DM;02_008740;ACTIVE;STUDY DAY 1;1;2001;2001;;1968;33.412731006;YEARS;F;BLACK, AFRICAN AMERICAN, OR NEGRO;;BUPNAL;BUPRENORPHINE/NALOXONE;USA;2001;1
NIDA-CTN-0002;DM;02_009190;SCREENING;BASELINE, ANY DAY PRIOR TO FIRST DOSE;0;2001;2001;;1959;41.724845996;YEARS;F;BLACK, AFRICAN AMERICAN, OR NEGRO;;BUPNAL;BUPRENORPHINE/NALOXONE;USA;2001;-8
NIDA-CTN-0002;DM;02_009452;SCREENING;BASELINE, ANY DAY PRIOR TO FIRST DOSE;0;2002;2002;;1948;53.700205339;YEARS;M;BLACK, AFRICAN AMERICAN, OR NEGRO;;BUPNAL;BUPRENORPHINE/NALOXONE;USA;2002;-9
NIDA-CTN-0002;DM;02_011297;SCREENING;BASELINE, ANY DAY PRIOR TO FIRST DOSE;0;2001;2001;;1967;34.245037645;YEARS;F;WHITE;;BUPNAL;BUPRENORPHINE/NALOXONE;USA;2001;1
NIDA-CTN-0002;DM;02_011526;SCREENING;BASELINE, ANY DAY PRIOR TO FIRST DOSE;0;2001;2001;;1953;47.835728953;YEARS;M;BLACK, AFRICAN AMERICAN, OR NEGRO;;BUPNAL;BUPRENORPHINE/NALOXONE;USA;2001;-1
NIDA-CTN-0002;DM;02_011902;SCREENING;BASELINE, ANY DAY PRIOR TO FIRST DOSE;0;2001;2001;;1957;43.288158795;YEARS;M;BLACK, AFRICAN AMERICAN, OR NEGRO;;BUPNAL;BUPRENORPHINE/NALOXONE;USA;2001;1
NIDA-CTN-0002;DM;02_012064;SCREENING;BASELINE, ANY DAY PRIOR TO FIRST DOSE;0;2001;2001;;1952;48.884325804;YEARS;F;BLACK, AFRICAN AMERICAN, OR NEGRO;;BUPNAL;BUPRENORPHINE/NALOXONE;USA;2001;-15
NIDA-CTN-0002;DM;02_012582;SCREENING;BASELINE, ANY DAY PRIOR TO FIRST DOSE;0;;;;1969; ;YEARS;M;WHITE;;SCRFAIL;SCREEN FAILURE;USA;2001; 
NIDA-CTN-0002;DM;02_012721;SCREENING;BASELINE, ANY DAY PRIOR TO FIRST DOSE;0;2001;2001;;1958;42.584531143;YEARS;F;BLACK, AFRICAN AMERICAN, OR NEGRO;;BUPNAL;BUPRENORPHINE/NALOXONE;USA;2001;-1
NIDA-CTN-0002;DM;02_013283;SCREENING;BASELINE, ANY DAY PRIOR TO FIRST DOSE;0;2001;2001;;1982;19.592060233;YEARS;M;SPANISH, HISPANIC, OR LATINO;HISPANIC;BUPNAL;BUPRENORPHINE/NALOXONE;USA;2001;1
NIDA-CTN-0002;DM;02_013342;SCREENING;BASELINE, ANY DAY PRIOR TO FIRST DOSE;0;;;;1963; ;YEARS;M;WHITE;;SCRFAIL;SCREEN FAILURE;USA;2001; 
NIDA-CTN-0002;DM;02_013437;SCREENING;BASELINE, ANY DAY PRIOR TO FIRST DOSE;0;2001;2001;;1952;48.407939767;YEARS;M;WHITE;;BUPNAL;BUPRENORPHINE/NALOXONE;USA;2001;-1
NIDA-CTN-0002;DM;02_013991;SCREENING;BASELINE, ANY DAY PRIOR TO FIRST DOSE;0;2001;2001;;1950;50.302532512;YEARS;M;BLACK, AFRICAN AMERICAN, OR NEGRO;;BUPNAL;BUPRENORPHINE/NALOXONE;USA;2001;-5
NIDA-CTN-0002;DM;02_014076;SCREENING;BASELINE, ANY DAY PRIOR TO FIRST DOSE;0;;;;1959; ;YEARS;M;WHITE;;SCRFAIL;SCREEN FAILURE;USA;2001; 
NIDA-CTN-0002;DM;02_014527;SCREENING;BASELINE, ANY DAY PRIOR TO FIRST DOSE;0;;;;1948; ;YEARS;M;BLACK, AFRICAN AMERICAN, OR NEGRO;;SCRFAIL;SCREEN FAILURE;USA;2001; 
NIDA-CTN-0002;DM;02_015020;SCREENING;BASELINE, ANY DAY PRIOR TO FIRST DOSE;0;2001;2001;;1973;27.690622861;YEARS;F;WHITE;;BUPNAL;BUPRENORPHINE/NALOXONE;USA;2001;1
NIDA-CTN-0002;DM;02_015027;SCREENING;BASELINE, ANY DAY PRIOR TO FIRST DOSE;0;2001;2001;;1951;50.428473648;YEARS;M;BLACK, AFRICAN AMERICAN, OR NEGRO;;BUPNAL;BUPRENORPHINE/NALOXONE;USA;2001;-1
NIDA-CTN-0002;DM;02_017041;SCREENING;BASELINE, ANY DAY PRIOR TO FIRST DOSE;0;;;;1977; ;YEARS;F;SPANISH, HISPANIC, OR LATINO;HISPANIC;SCRFAIL;SCREEN FAILURE;USA;2001; 
NIDA-CTN-0002;DM;02_017974;SCREENING;BASELINE, ANY DAY PRIOR TO FIRST DOSE;0;;;;1966; ;YEARS;M;OTHER;;SCRFAIL;SCREEN FAILURE;USA;2001; 
NIDA-CTN-0002;DM;02_018478;SCREENING;BASELINE, ANY DAY PRIOR TO FIRST DOSE;0;2001;2001;;1978;22.765229295;YEARS;M;SPANISH, HISPANIC, OR LATINO;HISPANIC;BUPNAL;BUPRENORPHINE/NALOXONE;USA;2001;1
NIDA-CTN-0002;DM;02_018880;SCREENING;BASELINE, ANY DAY PRIOR TO FIRST DOSE;0;2001;2001;;1978;23.192334018;YEARS;M;SPANISH, HISPANIC, OR LATINO;HISPANIC;CLON;CLONIDINE;USA;2001;-2
NIDA-CTN-0002;DM;02_019356;SCREENING;BASELINE, ANY DAY PRIOR TO FIRST DOSE;0;2001;2001;;1956;45.201916496;YEARS;F;BLACK, AFRICAN AMERICAN, OR NEGRO;;CLON;CLONIDINE;USA;2001;-1
NIDA-CTN-0002;DM;02_019588;SCREENING;BASELINE, ANY DAY PRIOR TO FIRST DOSE;0;2001;2001;;1963;38.622861054;YEARS;M;OTHER;;BUPNAL;BUPRENORPHINE/NALOXONE;USA;2001;1
NIDA-CTN-0002;DM;02_019718;SCREENING;BASELINE, ANY DAY PRIOR TO FIRST DOSE;0;2002;2002;;1949;52.164271047;YEARS;M;BLACK, AFRICAN AMERICAN, OR NEGRO;;BUPNAL;BUPRENORPHINE/NALOXONE;USA;2002;1
NIDA-CTN-0002;DM;02_020697;SCREENING;BASELINE, ANY DAY PRIOR TO FIRST DOSE;0;2002;2002;;1959;42.272416153;YEARS;M;BLACK, AFRICAN AMERICAN, OR NEGRO;;BUPNAL;BUPRENORPHINE/NALOXONE;USA;2002;-6
NIDA-CTN-0002;DM;02_020889;SCREENING;BASELINE, ANY DAY PRIOR TO FIRST DOSE;0;;;;1964; ;YEARS;F;BLACK, AFRICAN AMERICAN, OR NEGRO;;SCRFAIL;SCREEN FAILURE;USA;2001; 
NIDA-CTN-0002;DM;02_020931;SCREENING;BASELINE, ANY DAY PRIOR TO FIRST DOSE;0;;;;1964; ;YEARS;F;BLACK, AFRICAN AMERICAN, OR NEGRO;;SCRFAIL;SCREEN FAILURE;USA;2001; 
NIDA-CTN-0002;DM;02_020936;SCREENING;BASELINE, ANY DAY PRIOR TO FIRST DOSE;0;;;;1968; ;YEARS;F;BLACK, AFRICAN AMERICAN, OR NEGRO;;SCRFAIL;SCREEN FAILURE;USA;2001; 
NIDA-CTN-0002;DM;02_021137;SCREENING;BASELINE, ANY DAY PRIOR TO FIRST DOSE;0;2001;2001;;1952;48.5229295;YEARS;M;BLACK, AFRICAN AMERICAN, OR NEGRO;;CLON;CLONIDINE;USA;2001;-9
NIDA-CTN-0002;DM;02_021152;SCREENING;BASELINE, ANY DAY PRIOR TO FIRST DOSE;0;2001;2001;;1959;41.998631075;YEARS;F;WHITE;;CLON;CLONIDINE;USA;2001;1
NIDA-CTN-0002;DM;02_021273;SCREENING;BASELINE, ANY DAY PRIOR TO FIRST DOSE;0;2001;2001;;1952;49.029431896;YEARS;M;WHITE;;BUPNAL;BUPRENORPHINE/NALOXONE;USA;2001;-4
NIDA-CTN-0002;DM;02_021463;ACTIVE;STUDY DAY 1;1;2001;2001;;1980;20.605065024;YEARS;M;SPANISH, HISPANIC, OR LATINO;HISPANIC;BUPNAL;BUPRENORPHINE/NALOXONE;USA;2001;1
NIDA-CTN-0002;DM;02_021976;SCREENING;BASELINE, ANY DAY PRIOR TO FIRST DOSE;0;2001;2001;;1950;50.726899384;YEARS;F;BLACK, AFRICAN AMERICAN, OR NEGRO;;BUPNAL;BUPRENORPHINE/NALOXONE;USA;2001;-1
NIDA-CTN-0002;DM;02_022290;SCREENING;BASELINE, ANY DAY PRIOR TO FIRST DOSE;0;2001;2001;;1954;46.833675565;YEARS;M;WHITE;;CLON;CLONIDINE;USA;2001;-15
NIDA-CTN-0002;DM;02_022451;SCREENING;BASELINE, ANY DAY PRIOR TO FIRST DOSE;0;;;;1969; ;YEARS;M;SPANISH, HISPANIC, OR LATINO;HISPANIC;SCRFAIL;SCREEN FAILURE;USA;2001; 
NIDA-CTN-0002;DM;02_022945;SCREENING;BASELINE, ANY DAY PRIOR TO FIRST DOSE;0;2001;2001;;1966;34.874743326;YEARS;M;SPANISH, HISPANIC, OR LATINO;HISPANIC;BUPNAL;BUPRENORPHINE/NALOXONE;USA;2001;-2
NIDA-CTN-0002;DM;02_023030;SCREENING;BASELINE, ANY DAY PRIOR TO FIRST DOSE;0;;;;1978; ;YEARS;F;WHITE;;SCRFAIL;SCREEN FAILURE;USA;2001; 
NIDA-CTN-0002;DM;02_023773;SCREENING;BASELINE, ANY DAY PRIOR TO FIRST DOSE;0;;;;1952; ;YEARS;F;BLACK, AFRICAN AMERICAN, OR NEGRO;;SCRFAIL;SCREEN FAILURE;USA;2001; 
NIDA-CTN-0002;DM;02_023802;SCREENING;BASELINE, ANY DAY PRIOR TO FIRST DOSE;0;2001;2001;;1975;25.73853525;YEARS;M;SPANISH, HISPANIC, OR LATINO;HISPANIC;CLON;CLONIDINE;USA;2001;-5
NIDA-CTN-0002;DM;02_023926;SCREENING;BASELINE, ANY DAY PRIOR TO FIRST DOSE;0;2001;2001;;1960;41.199178645;YEARS;F;WHITE;;BUPNAL;BUPRENORPHINE/NALOXONE;USA;2001;-1
NIDA-CTN-0002;DM;02_024208;ACTIVE;STUDY DAY 1;1;2001;2001;;1945;55.411362081;YEARS;M;BLACK, AFRICAN AMERICAN, OR NEGRO;;CLON;CLONIDINE;USA;2001;1
NIDA-CTN-0002;DM;02_025902;SCREENING;BASELINE, ANY DAY PRIOR TO FIRST DOSE;0;2001;2002;;1973;28.544832307;YEARS;M;WHITE;;BUPNAL;BUPRENORPHINE/NALOXONE;USA;2001;-8
NIDA-CTN-0002;DM;02_026158;SCREENING;BASELINE, ANY DAY PRIOR TO FIRST DOSE;0;2001;2001;;1981;19.674195756;YEARS;M;WHITE;;BUPNAL;BUPRENORPHINE/NALOXONE;USA;2001;1
NIDA-CTN-0002;DM;02_026834;SCREENING;BASELINE, ANY DAY PRIOR TO FIRST DOSE;0;2001;2001;;1973;27.865845311;YEARS;F;WHITE;;BUPNAL;BUPRENORPHINE/NALOXONE;USA;2001;-1
NIDA-CTN-0002;DM;02_027208;SCREENING;BASELINE, ANY DAY PRIOR TO FIRST DOSE;0;2001;2001;;1952;48.900752909;YEARS;M;WHITE;;BUPNAL;BUPRENORPHINE/NALOXONE;USA;2001;-4
NIDA-CTN-0002;DM;02_027772;ACTIVE;STUDY DAY 1;1;2001;2001;;1965;36.331279945;YEARS;M;BLACK, AFRICAN AMERICAN, OR NEGRO;;BUPNAL;BUPRENORPHINE/NALOXONE;USA;2001;1
NIDA-CTN-0002;DM;02_027821;SCREENING;BASELINE, ANY DAY PRIOR TO FIRST DOSE;0;;;;1971; ;YEARS;M;SPANISH, HISPANIC, OR LATINO;HISPANIC;SCRFAIL;SCREEN FAILURE;USA;2001; 
NIDA-CTN-0002;DM;02_027910;ACTIVE;STUDY DAY 1;1;2001;2001;;1961;40.528405202;YEARS;F;WHITE;;CLON;CLONIDINE;USA;2001;1
NIDA-CTN-0002;DM;02_028889;SCREENING;BASELINE, ANY DAY PRIOR TO FIRST DOSE;0;2001;2001;;1949;52.342231348;YEARS;M;BLACK, AFRICAN AMERICAN, OR NEGRO;;CLON;CLONIDINE;USA;2001;-1
NIDA-CTN-0002;DM;02_029080;SCREENING;BASELINE, ANY DAY PRIOR TO FIRST DOSE;0;2001;2001;;1981;20.024640657;YEARS;F;WHITE;;BUPNAL;BUPRENORPHINE/NALOXONE;USA;2001;1
NIDA-CTN-0002;DM;02_029311;SCREENING;BASELINE, ANY DAY PRIOR TO FIRST DOSE;0;2001;2001;;1980;20.97467488;YEARS;M;WHITE;;BUPNAL;BUPRENORPHINE/NALOXONE;USA;2001;-1
NIDA-CTN-0002;DM;02_029448;SCREENING;BASELINE, ANY DAY PRIOR TO FIRST DOSE;0;2001;2001;;1975;25.629021218;YEARS;F;SPANISH, HISPANIC, OR LATINO;HISPANIC;BUPNAL;BUPRENORPHINE/NALOXONE;USA;2001;-13
NIDA-CTN-0002;DM;02_029611;SCREENING;BASELINE, ANY DAY PRIOR TO FIRST DOSE;0;2001;2001;;1968;32.700889802;YEARS;M;SPANISH, HISPANIC, OR LATINO;HISPANIC;BUPNAL;BUPRENORPHINE/NALOXONE;USA;2001;-1
NIDA-CTN-0002;DM;02_030052;ACTIVE;STUDY DAY 1;1;2001;2001;;1952;48.517453799;YEARS;M;BLACK, AFRICAN AMERICAN, OR NEGRO;;BUPNAL;BUPRENORPHINE/NALOXONE;USA;2001;1
NIDA-CTN-0002;DM;02_030892;SCREENING;BASELINE, ANY DAY PRIOR TO FIRST DOSE;0;2001;2001;;1949;52.251882272;YEARS;F;BLACK, AFRICAN AMERICAN, OR NEGRO;;CLON;CLONIDINE;USA;2001;1
NIDA-CTN-0002;DM;02_031037;SCREENING;BASELINE, ANY DAY PRIOR TO FIRST DOSE;0;;;;1947; ;YEARS;M;BLACK, AFRICAN AMERICAN, OR NEGRO;;SCRFAIL;SCREEN FAILURE;USA;2002; 
NIDA-CTN-0002;DM;02_031579;SCREENING;BASELINE, ANY DAY PRIOR TO FIRST DOSE;0;2001;2001;;1966;34.907597536;YEARS;M;SPANISH, HISPANIC, OR LATINO;HISPANIC;BUPNAL;BUPRENORPHINE/NALOXONE;USA;2001;-5
NIDA-CTN-0002;DM;02_031720;SCREENING;BASELINE, ANY DAY PRIOR TO FIRST DOSE;0;2001;2001;;1977;24.298425736;YEARS;M;WHITE;;BUPNAL;BUPRENORPHINE/NALOXONE;USA;2001;-1
NIDA-CTN-0002;DM;02_032022;SCREENING;BASELINE, ANY DAY PRIOR TO FIRST DOSE;0;2001;2002;;1958;43.605749487;YEARS;M;BLACK, AFRICAN AMERICAN, OR NEGRO;;CLON;CLONIDINE;USA;2001;1
NIDA-CTN-0002;DM;02_032208;SCREENING;BASELINE, ANY DAY PRIOR TO FIRST DOSE;0;2001;2001;;1959;42.417522245;YEARS;F;WHITE;;BUPNAL;BUPRENORPHINE/NALOXONE;USA;2001;1
NIDA-CTN-0002;DM;02_032871;SCREENING;BASELINE, ANY DAY PRIOR TO FIRST DOSE;0;;;;1971; ;YEARS;M;SPANISH, HISPANIC, OR LATINO;HISPANIC;SCRFAIL;SCREEN FAILURE;USA;2001; 
NIDA-CTN-0002;DM;02_033087;SCREENING;BASELINE, ANY DAY PRIOR TO FIRST DOSE;0;2001;2001;;1966;35.211498973;YEARS;M;BLACK, AFRICAN AMERICAN, OR NEGRO;;BUPNAL;BUPRENORPHINE/NALOXONE;USA;2001;-1
NIDA-CTN-0002;DM;02_033272;SCREENING;STUDY DAY 1;1;2001;2001;;1970;30.6091718;YEARS;M;WHITE;;BUPNAL;BUPRENORPHINE/NALOXONE;USA;2001;1
NIDA-CTN-0002;DM;02_033861;SCREENING;BASELINE, ANY DAY PRIOR TO FIRST DOSE;0;2001;2001;;1975;26.195756331;YEARS;M;WHITE;;BUPNAL;BUPRENORPHINE/NALOXONE;USA;2001;-7
NIDA-CTN-0002;DM;02_034294;SCREENING;BASELINE, ANY DAY PRIOR TO FIRST DOSE;0;2001;2001;;1958;42.830937714;YEARS;M;WHITE;;CLON;CLONIDINE;USA;2001;-7
NIDA-CTN-0002;DM;02_034511;SCREENING;BASELINE, ANY DAY PRIOR TO FIRST DOSE;0;2001;2001;;1967;34.01779603;YEARS;M;WHITE;;BUPNAL;BUPRENORPHINE/NALOXONE;USA;2001;1
NIDA-CTN-0002;DM;02_035542;SCREENING;BASELINE, ANY DAY PRIOR TO FIRST DOSE;0;2001;2001;;1950;50.967830253;YEARS;M;WHITE;;CLON;CLONIDINE;USA;2001;1
NIDA-CTN-0002;DM;02_035753;SCREENING;BASELINE, ANY DAY PRIOR TO FIRST DOSE;0;2002;2002;;1953;48.670773443;YEARS;F;BLACK, AFRICAN AMERICAN, OR NEGRO;;BUPNAL;BUPRENORPHINE/NALOXONE;USA;2002;-1
NIDA-CTN-0002;DM;02_035820;SCREENING;BASELINE, ANY DAY PRIOR TO FIRST DOSE;0;;;;1976; ;YEARS;M;SPANISH, HISPANIC, OR LATINO;HISPANIC;SCRFAIL;SCREEN FAILURE;USA;2001; 
NIDA-CTN-0002;DM;02_036130;SCREENING;BASELINE, ANY DAY PRIOR TO FIRST DOSE;0;;2001;;1968; ;YEARS;F;SPANISH, HISPANIC, OR LATINO;HISPANIC;SCRFAIL;SCREEN FAILURE;USA;2001; 
NIDA-CTN-0002;DM;02_036584;SCREENING;BASELINE, ANY DAY PRIOR TO FIRST DOSE;0;2002;2002;;1965;36.851471595;YEARS;M;SPANISH, HISPANIC, OR LATINO;HISPANIC;BUPNAL;BUPRENORPHINE/NALOXONE;USA;2002;-2
NIDA-CTN-0002;DM;02_036617;SCREENING;BASELINE, ANY DAY PRIOR TO FIRST DOSE;0;2001;2001;;1960;40.862422998;YEARS;F;WHITE;;CLON;CLONIDINE;USA;2001;1
NIDA-CTN-0002;DM;02_036954;SCREENING;BASELINE, ANY DAY PRIOR TO FIRST DOSE;0;2001;2001;;1963;37.828884326;YEARS;M;SPANISH, HISPANIC, OR LATINO;HISPANIC;BUPNAL;BUPRENORPHINE/NALOXONE;USA;2001;-12
NIDA-CTN-0002;DM;02_036957;SCREENING;BASELINE, ANY DAY PRIOR TO FIRST DOSE;0;2001;2001;;1959;41.73853525;YEARS;M;WHITE;;BUPNAL;BUPRENORPHINE/NALOXONE;USA;2001;1
NIDA-CTN-0002;DM;02_037401;SCREENING;BASELINE, ANY DAY PRIOR TO FIRST DOSE;0;2001;2001;;1954;46.562628337;YEARS;M;BLACK, AFRICAN AMERICAN, OR NEGRO;;CLON;CLONIDINE;USA;2001;-5
NIDA-CTN-0002;DM;02_037644;SCREENING;BASELINE, ANY DAY PRIOR TO FIRST DOSE;0;2001;2001;;1957;44.41615332;YEARS;M;BLACK, AFRICAN AMERICAN, OR NEGRO;;CLON;CLONIDINE;USA;2001;-9
NIDA-CTN-0002;DM;02_037966;SCREENING;BASELINE, ANY DAY PRIOR TO FIRST DOSE;0;2001;2001;;1977;24.273785079;YEARS;M;WHITE;;CLON;CLONIDINE;USA;2001;1
NIDA-CTN-0002;DM;02_038350;SCREENING;BASELINE, ANY DAY PRIOR TO FIRST DOSE;0;2001;2001;;1951;50.384668036;YEARS;M;SPANISH, HISPANIC, OR LATINO;HISPANIC;BUPNAL;BUPRENORPHINE/NALOXONE;USA;2001;-4
NIDA-CTN-0002;DM;02_038844;SCREENING;BASELINE, ANY DAY PRIOR TO FIRST DOSE;0;2001;2001;;1963;38.422997947;YEARS;M;SPANISH, HISPANIC, OR LATINO;HISPANIC;BUPNAL;BUPRENORPHINE/NALOXONE;USA;2001;-2
NIDA-CTN-0002;DM;02_039051;SCREENING;BASELINE, ANY DAY PRIOR TO FIRST DOSE;0;2001;2001;;1950;50.647501711;YEARS;M;BLACK, AFRICAN AMERICAN, OR NEGRO;;BUPNAL;BUPRENORPHINE/NALOXONE;USA;2001;-1
NIDA-CTN-0002;DM;02_039076;SCREENING;BASELINE, ANY DAY PRIOR TO FIRST DOSE;0;2001;2001;;1975;25.508555784;YEARS;M;BLACK, AFRICAN AMERICAN, OR NEGRO;;BUPNAL;BUPRENORPHINE/NALOXONE;USA;2001;1
NIDA-CTN-0002;DM;02_039105;SCREENING;BASELINE, ANY DAY PRIOR TO FIRST DOSE;0;2001;2001;;1960;40.240930869;YEARS;M;SPANISH, HISPANIC, OR LATINO;HISPANIC;BUPNAL;BUPRENORPHINE/NALOXONE;USA;2001;-2
NIDA-CTN-0002;DM;02_039697;SCREENING;BASELINE, ANY DAY PRIOR TO FIRST DOSE;0;2001;2001;;1964;37.092402464;YEARS;M;BLACK, AFRICAN AMERICAN, OR NEGRO;;CLON;CLONIDINE;USA;2001;-1
NIDA-CTN-0002;DM;02_040804;SCREENING;BASELINE, ANY DAY PRIOR TO FIRST DOSE;0;2001;2001;;1971;30.324435318;YEARS;M;SPANISH, HISPANIC, OR LATINO;HISPANIC;BUPNAL;BUPRENORPHINE/NALOXONE;USA;2001;1
NIDA-CTN-0002;DM;02_040896;SCREENING;BASELINE, ANY DAY PRIOR TO FIRST DOSE;0;2001;2001;;1947;54.310746064;YEARS;M;WHITE;;CLON;CLONIDINE;USA;2001;1
NIDA-CTN-0002;DM;02_040991;ACTIVE;STUDY DAY 1;1;2001;2001;;1956;44.643394935;YEARS;M;WHITE;;BUPNAL;BUPRENORPHINE/NALOXONE;USA;2001;1
NIDA-CTN-0002;DM;02_041442;SCREENING;BASELINE, ANY DAY PRIOR TO FIRST DOSE;0;;;;1962; ;YEARS;M;WHITE;;SCRFAIL;SCREEN FAILURE;USA;2001; 
NIDA-CTN-0002;DM;02_041645;SCREENING;BASELINE, ANY DAY PRIOR TO FIRST DOSE;0;2001;2001;;1949;51.630390144;YEARS;F;BLACK, AFRICAN AMERICAN, OR NEGRO;;BUPNAL;BUPRENORPHINE/NALOXONE;USA;2001;-7
NIDA-CTN-0002;DM;02_042310;SCREENING;BASELINE, ANY DAY PRIOR TO FIRST DOSE;0;;;;1971; ;YEARS;M;SPANISH, HISPANIC, OR LATINO;HISPANIC;SCRFAIL;SCREEN FAILURE;USA;2001; 
NIDA-CTN-0002;DM;02_042358;SCREENING;BASELINE, ANY DAY PRIOR TO FIRST DOSE;0;2001;2001;;1947;54.611909651;YEARS;M;WHITE;;CLON;CLONIDINE;USA;2001;-1
NIDA-CTN-0002;DM;02_043111;SCREENING;BASELINE, ANY DAY PRIOR TO FIRST DOSE;0;2001;2001;;1957;44.079397673;YEARS;M;OTHER;;CLON;CLONIDINE;USA;2001;-1
NIDA-CTN-0002;DM;02_043130;SCREENING;BASELINE, ANY DAY PRIOR TO FIRST DOSE;0;2002;2002;;1975;26.113620808;YEARS;M;WHITE;;BUPNAL;BUPRENORPHINE/NALOXONE;USA;2002;-14
NIDA-CTN-0002;DM;02_043156;SCREENING;BASELINE, ANY DAY PRIOR TO FIRST DOSE;0;2002;2002;;1956;45.396303901;YEARS;M;BLACK, AFRICAN AMERICAN, OR NEGRO;;BUPNAL;BUPRENORPHINE/NALOXONE;USA;2002;-1
NIDA-CTN-0002;DM;02_043183;SCREENING;BASELINE, ANY DAY PRIOR TO FIRST DOSE;0;2001;2001;;1974;26.652977413;YEARS;M;WHITE;;BUPNAL;BUPRENORPHINE/NALOXONE;USA;2001;-1
NIDA-CTN-0002;DM;02_044005;ACTIVE;STUDY DAY 1;1;2001;2001;;1961;39.3045859;YEARS;M;WHITE;;BUPNAL;BUPRENORPHINE/NALOXONE;USA;2001;1
NIDA-CTN-0002;DM;02_044273;SCREENING;BASELINE, ANY DAY PRIOR TO FIRST DOSE;0;2001;2001;;1958;43.052703628;YEARS;F;BLACK, AFRICAN AMERICAN, OR NEGRO;;BUPNAL;BUPRENORPHINE/NALOXONE;USA;2001;-1
NIDA-CTN-0002;DM;02_044380;ACTIVE;STUDY DAY 1;1;2001;2001;;1954;47.734428474;YEARS;M;SPANISH, HISPANIC, OR LATINO;HISPANIC;BUPNAL;BUPRENORPHINE/NALOXONE;USA;2001;1
NIDA-CTN-0002;DM;02_044708;SCREENING;BASELINE, ANY DAY PRIOR TO FIRST DOSE;0;2001;2001;;1956;44.889801506;YEARS;M;BLACK, AFRICAN AMERICAN, OR NEGRO;;CLON;CLONIDINE;USA;2001;-7
NIDA-CTN-0002;DM;02_044851;SCREENING;BASELINE, ANY DAY PRIOR TO FIRST DOSE;0;2001;2001;;1955;45.631759069;YEARS;M;BLACK, AFRICAN AMERICAN, OR NEGRO;;BUPNAL;BUPRENORPHINE/NALOXONE;USA;2001;-1
NIDA-CTN-0002;DM;02_044880;SCREENING;BASELINE, ANY DAY PRIOR TO FIRST DOSE;0;2001;2001;;1951;49.492128679;YEARS;M;SPANISH, HISPANIC, OR LATINO;HISPANIC;BUPNAL;BUPRENORPHINE/NALOXONE;USA;2001;-4
NIDA-CTN-0002;DM;02_044884;ACTIVE;STUDY DAY 1;1;2001;2001;;1951;49.511293634;YEARS;M;BLACK, AFRICAN AMERICAN, OR NEGRO;;BUPNAL;BUPRENORPHINE/NALOXONE;USA;2001;1
NIDA-CTN-0002;DM;02_044906;SCREENING;BASELINE, ANY DAY PRIOR TO FIRST DOSE;0;2001;2001;;1936;65.002053388;YEARS;F;BLACK, AFRICAN AMERICAN, OR NEGRO;;BUPNAL;BUPRENORPHINE/NALOXONE;USA;2001;-5
NIDA-CTN-0002;DM;02_045101;SCREENING;BASELINE, ANY DAY PRIOR TO FIRST DOSE;0;2001;2001;;1960;40.985626283;YEARS;M;WHITE;;BUPNAL;BUPRENORPHINE/NALOXONE;USA;2001;-1
NIDA-CTN-0002;DM;02_045260;SCREENING;BASELINE, ANY DAY PRIOR TO FIRST DOSE;0;2001;2001;;1962;39.047227926;YEARS;F;WHITE;;CLON;CLONIDINE;USA;2001;-7
NIDA-CTN-0002;DM;02_045563;ACTIVE;STUDY DAY 1;1;2001;2001;;1948;53.103353867;YEARS;M;WHITE;;BUPNAL;BUPRENORPHINE/NALOXONE;USA;2001;1
NIDA-CTN-0002;DM;02_046717;SCREENING;BASELINE, ANY DAY PRIOR TO FIRST DOSE;0;2001;2001;;1967;33.724845996;YEARS;M;SPANISH, HISPANIC, OR LATINO;HISPANIC;CLON;CLONIDINE;USA;2001;-1
NIDA-CTN-0002;DM;02_046737;ACTIVE;BASELINE, ANY DAY PRIOR TO FIRST DOSE;0;2001;2001;;1964;36.613278576;YEARS;M;SPANISH, HISPANIC, OR LATINO;HISPANIC;BUPNAL;BUPRENORPHINE/NALOXONE;USA;2001;-2
NIDA-CTN-0002;DM;02_046788;SCREENING;BASELINE, ANY DAY PRIOR TO FIRST DOSE;0;2001;2001;;1943;57.470225873;YEARS;M;WHITE;;BUPNAL;BUPRENORPHINE/NALOXONE;USA;2001;-6
NIDA-CTN-0002;DM;02_047605;SCREENING;BASELINE, ANY DAY PRIOR TO FIRST DOSE;0;;;;1949; ;YEARS;M;WHITE;;SCRFAIL;SCREEN FAILURE;USA;2001; 
NIDA-CTN-0002;DM;02_047764;SCREENING;BASELINE, ANY DAY PRIOR TO FIRST DOSE;0;2001;2001;;1951;49.245722108;YEARS;M;BLACK, AFRICAN AMERICAN, OR NEGRO;;BUPNAL;BUPRENORPHINE/NALOXONE;USA;2001;-7
NIDA-CTN-0002;DM;02_048107;SCREENING;BASELINE, ANY DAY PRIOR TO FIRST DOSE;0;2001;2001;;1962;39.252566735;YEARS;F;BLACK, AFRICAN AMERICAN, OR NEGRO;;CLON;CLONIDINE;USA;2001;-1
NIDA-CTN-0002;DM;02_048454;SCREENING;BASELINE, ANY DAY PRIOR TO FIRST DOSE;0;2001;2001;;1966;35.671457906;YEARS;M;WHITE;;BUPNAL;BUPRENORPHINE/NALOXONE;USA;2001;1
NIDA-CTN-0002;DM;02_048763;SCREENING;BASELINE, ANY DAY PRIOR TO FIRST DOSE;0;2001;2001;;1962;39.151266256;YEARS;M;SPANISH, HISPANIC, OR LATINO;HISPANIC;BUPNAL;BUPRENORPHINE/NALOXONE;USA;2001;-1
NIDA-CTN-0002;DM;02_048792;SCREENING;BASELINE, ANY DAY PRIOR TO FIRST DOSE;0;2001;2001;;1957;43.452429843;YEARS;M;WHITE;;BUPNAL;BUPRENORPHINE/NALOXONE;USA;2001;-1
NIDA-CTN-0002;DM;02_048803;SCREENING;BASELINE, ANY DAY PRIOR TO FIRST DOSE;0;;2001;;1971; ;YEARS;M;WHITE;HISPANIC;SCRFAIL;SCREEN FAILURE;USA;2001; 
NIDA-CTN-0002;DM;02_048837;SCREENING;BASELINE, ANY DAY PRIOR TO FIRST DOSE;0;2001;2001;;1976;25.826146475;YEARS;F;SPANISH, HISPANIC, OR LATINO;HISPANIC;CLON;CLONIDINE;USA;2001;1
NIDA-CTN-0002;DM;02_049308;SCREENING;BASELINE, ANY DAY PRIOR TO FIRST DOSE;0;2001;2001;;1953;47.79192334;YEARS;M;WHITE;;BUPNAL;BUPRENORPHINE/NALOXONE;USA;2001;-1
NIDA-CTN-0002;DM;02_049710;SCREENING;BASELINE, ANY DAY PRIOR TO FIRST DOSE;0;2001;2001;;1959;41.456536619;YEARS;M;SPANISH, HISPANIC, OR LATINO;HISPANIC;CLON;CLONIDINE;USA;2001;-2
NIDA-CTN-0002;DM;02_049835;SCREENING;BASELINE, ANY DAY PRIOR TO FIRST DOSE;0;;;;1963; ;YEARS;M;SPANISH, HISPANIC, OR LATINO;HISPANIC;SCRFAIL;SCREEN FAILURE;USA;2001; 
NIDA-CTN-0002;DM;02_050165;SCREENING;BASELINE, ANY DAY PRIOR TO FIRST DOSE;0;2001;2001;;1978;22.806297057;YEARS;M;SPANISH, HISPANIC, OR LATINO;HISPANIC;BUPNAL;BUPRENORPHINE/NALOXONE;USA;2001;-1
NIDA-CTN-0002;DM;02_050446;ACTIVE;STUDY DAY 1;1;2001;2001;;1955;46.674880219;YEARS;M;BLACK, AFRICAN AMERICAN, OR NEGRO;;BUPNAL;BUPRENORPHINE/NALOXONE;USA;2001;1
NIDA-CTN-0002;DM;02_050467;SCREENING;BASELINE, ANY DAY PRIOR TO FIRST DOSE;0;2001;2001;;1955;46.636550308;YEARS;M;BLACK, AFRICAN AMERICAN, OR NEGRO;;CLON;CLONIDINE;USA;2001;-11
NIDA-CTN-0002;DM;02_050489;SCREENING;BASELINE, ANY DAY PRIOR TO FIRST DOSE;0;2001;2001;;1978;23.039014374;YEARS;M;WHITE;;CLON;CLONIDINE;USA;2001;1
NIDA-CTN-0002;DM;02_050771;SCREENING;BASELINE, ANY DAY PRIOR TO FIRST DOSE;0;2001;2001;;1970;31.003422313;YEARS;F;WHITE;;BUPNAL;BUPRENORPHINE/NALOXONE;USA;2001;-9
NIDA-CTN-0002;DM;02_051268;ACTIVE;STUDY DAY 1;1;;2001;;1952; ;YEARS;U;BLACK, AFRICAN AMERICAN, OR NEGRO;;SCRFAIL;SCREEN FAILURE;USA;2001; 
NIDA-CTN-0002;DM;02_051851;SCREENING;BASELINE, ANY DAY PRIOR TO FIRST DOSE;0;2001;2001;;1962;39.036276523;YEARS;M;BLACK, AFRICAN AMERICAN, OR NEGRO;;BUPNAL;BUPRENORPHINE/NALOXONE;USA;2001;-2
NIDA-CTN-0002;DM;02_052516;ACTIVE;STUDY DAY 1;1;2001;2001;;1938;62.762491444;YEARS;M;WHITE;;BUPNAL;BUPRENORPHINE/NALOXONE;USA;2001;1
NIDA-CTN-0002;DM;02_053044;SCREENING;BASELINE, ANY DAY PRIOR TO FIRST DOSE;0;2001;2001;;1959;42.305270363;YEARS;F;BLACK, AFRICAN AMERICAN, OR NEGRO;;CLON;CLONIDINE;USA;2001;-1
NIDA-CTN-0002;DM;02_053581;SCREENING;BASELINE, ANY DAY PRIOR TO FIRST DOSE;0;;;;1951; ;YEARS;M;BLACK, AFRICAN AMERICAN, OR NEGRO;;SCRFAIL;SCREEN FAILURE;USA;2001; 
NIDA-CTN-0002;DM;02_053677;SCREENING;BASELINE, ANY DAY PRIOR TO FIRST DOSE;0;;;;1970; ;YEARS;M;SPANISH, HISPANIC, OR LATINO;HISPANIC;SCRFAIL;SCREEN FAILURE;USA;2001; 
NIDA-CTN-0002;DM;02_054547;SCREENING;BASELINE, ANY DAY PRIOR TO FIRST DOSE;0;2001;2001;;1955;46.757015743;YEARS;M;BLACK, AFRICAN AMERICAN, OR NEGRO;;BUPNAL;BUPRENORPHINE/NALOXONE;USA;2001;-8
NIDA-CTN-0002;DM;02_054920;SCREENING;BASELINE, ANY DAY PRIOR TO FIRST DOSE;0;2001;2001;;1953;48.153319644;YEARS;M;WHITE;;CLON;CLONIDINE;USA;2001;1
NIDA-CTN-0002;DM;02_055867;ACTIVE;STUDY DAY 1;1;2001;2001;;1957;44.13963039;YEARS;M;BLACK, AFRICAN AMERICAN, OR NEGRO;;BUPNAL;BUPRENORPHINE/NALOXONE;USA;2001;1
NIDA-CTN-0002;DM;02_055918;SCREENING;BASELINE, ANY DAY PRIOR TO FIRST DOSE;0;2001;2001;;1959;41.94934976;YEARS;F;OTHER;;CLON;CLONIDINE;USA;2001;-7
NIDA-CTN-0002;DM;02_055979;SCREENING;BASELINE, ANY DAY PRIOR TO FIRST DOSE;0;2001;2001;;1972;28.76659822;YEARS;M;SPANISH, HISPANIC, OR LATINO;HISPANIC;BUPNAL;BUPRENORPHINE/NALOXONE;USA;2001;-4
NIDA-CTN-0002;DM;02_056168;SCREENING;BASELINE, ANY DAY PRIOR TO FIRST DOSE;0;2001;2001;;1958;42.420260096;YEARS;F;SPANISH, HISPANIC, OR LATINO;HISPANIC;BUPNAL;BUPRENORPHINE/NALOXONE;USA;2001;-1
NIDA-CTN-0002;DM;02_056191;SCREENING;BASELINE, ANY DAY PRIOR TO FIRST DOSE;0;2001;2001;;1970;30.614647502;YEARS;M;WHITE;;CLON;CLONIDINE;USA;2001;-1
NIDA-CTN-0002;DM;02_056353;SCREENING;BASELINE, ANY DAY PRIOR TO FIRST DOSE;0;;;;1975; ;YEARS;M;SPANISH, HISPANIC, OR LATINO;HISPANIC;SCRFAIL;SCREEN FAILURE;USA;2001; 
NIDA-CTN-0002;DM;02_056472;SCREENING;BASELINE, ANY DAY PRIOR TO FIRST DOSE;0;2001;2001;;1950;51.09650924;YEARS;M;BLACK, AFRICAN AMERICAN, OR NEGRO;;CLON;CLONIDINE;USA;2001;-1
NIDA-CTN-0002;DM;02_056623;SCREENING;BASELINE, ANY DAY PRIOR TO FIRST DOSE;0;2001;2001;;1968;33.106091718;YEARS;F;BLACK, AFRICAN AMERICAN, OR NEGRO;;BUPNAL;BUPRENORPHINE/NALOXONE;USA;2001;-1
NIDA-CTN-0002;DM;02_057805;SCREENING;BASELINE, ANY DAY PRIOR TO FIRST DOSE;0;2001;2001;;1952;49.130732375;YEARS;M;BLACK, AFRICAN AMERICAN, OR NEGRO;;BUPNAL;BUPRENORPHINE/NALOXONE;USA;2001;-1
NIDA-CTN-0002;DM;02_057815;SCREENING;BASELINE, ANY DAY PRIOR TO FIRST DOSE;0;2001;2001;;1974;26.803559206;YEARS;F;SPANISH, HISPANIC, OR LATINO;HISPANIC;BUPNAL;BUPRENORPHINE/NALOXONE;USA;2001;-7
NIDA-CTN-0002;DM;02_058028;SCREENING;BASELINE, ANY DAY PRIOR TO FIRST DOSE;0;2001;2001;;1969;31.600273785;YEARS;M;WHITE;;BUPNAL;BUPRENORPHINE/NALOXONE;USA;2001;-1
NIDA-CTN-0002;DM;02_058079;SCREENING;BASELINE, ANY DAY PRIOR TO FIRST DOSE;0;2002;2002;;1953;48.238193018;YEARS;M;BLACK, AFRICAN AMERICAN, OR NEGRO;;CLON;CLONIDINE;USA;2002;-1
NIDA-CTN-0002;DM;02_058212;SCREENING;BASELINE, ANY DAY PRIOR TO FIRST DOSE;0;2001;2001;;1966;35.1321013;YEARS;F;WHITE;;BUPNAL;BUPRENORPHINE/NALOXONE;USA;2001;-1
NIDA-CTN-0002;DM;02_058257;SCREENING;BASELINE, ANY DAY PRIOR TO FIRST DOSE;0;2002;2002;;1947;54.099931554;YEARS;M;SPANISH, HISPANIC, OR LATINO;HISPANIC;CLON;CLONIDINE;USA;2002;1
NIDA-CTN-0002;DM;02_058679;SCREENING;BASELINE, ANY DAY PRIOR TO FIRST DOSE;0;2001;2001;;1973;28.495550992;YEARS;M;WHITE;;BUPNAL;BUPRENORPHINE/NALOXONE;USA;2001;-1
NIDA-CTN-0002;DM;02_058920;SCREENING;BASELINE, ANY DAY PRIOR TO FIRST DOSE;0;2001;2001;;1965;35.701574264;YEARS;F;WHITE;;BUPNAL;BUPRENORPHINE/NALOXONE;USA;2001;-5
NIDA-CTN-0002;DM;02_059257;SCREENING;BASELINE, ANY DAY PRIOR TO FIRST DOSE;0;2002;2002;;1964;37.125256674;YEARS;M;WHITE;;BUPNAL;BUPRENORPHINE/NALOXONE;USA;2002;-1
NIDA-CTN-0002;DM;02_059693;ACTIVE;STUDY DAY 1;1;2001;2001;;1953;47.646817248;YEARS;M;BLACK, AFRICAN AMERICAN, OR NEGRO;;BUPNAL;BUPRENORPHINE/NALOXONE;USA;2001;1
NIDA-CTN-0002;DM;02_059903;ACTIVE;STUDY DAY 1;1;2001;2001;;1970;30.959616701;YEARS;M;WHITE;;BUPNAL;BUPRENORPHINE/NALOXONE;USA;2001;1
NIDA-CTN-0002;DM;02_060316;SCREENING;BASELINE, ANY DAY PRIOR TO FIRST DOSE;0;;;;1975; ;YEARS;M;SPANISH, HISPANIC, OR LATINO;HISPANIC;SCRFAIL;SCREEN FAILURE;USA;2001; 
NIDA-CTN-0002;DM;02_060475;SCREENING;BASELINE, ANY DAY PRIOR TO FIRST DOSE;0;2001;2001;;1954;47.323750856;YEARS;F;BLACK, AFRICAN AMERICAN, OR NEGRO;;BUPNAL;BUPRENORPHINE/NALOXONE;USA;2001;-1
NIDA-CTN-0002;DM;02_060718;SCREENING;BASELINE, ANY DAY PRIOR TO FIRST DOSE;0;2001;2001;;1956;45.092402464;YEARS;M;BLACK, AFRICAN AMERICAN, OR NEGRO;;BUPNAL;BUPRENORPHINE/NALOXONE;USA;2001;-2
NIDA-CTN-0002;DM;02_061003;ACTIVE;STUDY DAY 1;1;2001;2001;;1967;34.521560575;YEARS;M;SPANISH, HISPANIC, OR LATINO;HISPANIC;CLON;CLONIDINE;USA;2001;1
NIDA-CTN-0002;DM;02_061173;SCREENING;BASELINE, ANY DAY PRIOR TO FIRST DOSE;0;2001;2001;;1957;44.065708419;YEARS;M;WHITE;;CLON;CLONIDINE;USA;2001;1
NIDA-CTN-0002;DM;02_061221;SCREENING;BASELINE, ANY DAY PRIOR TO FIRST DOSE;0;2001;2002;;1978;23.318275154;YEARS;M;WHITE;;BUPNAL;BUPRENORPHINE/NALOXONE;USA;2001;-1
NIDA-CTN-0002;DM;02_062244;ACTIVE;STUDY DAY 1;1;2001;2001;;1969;32.030116359;YEARS;F;BLACK, AFRICAN AMERICAN, OR NEGRO;;BUPNAL;BUPRENORPHINE/NALOXONE;USA;2001;1
NIDA-CTN-0002;DM;02_062917;SCREENING;BASELINE, ANY DAY PRIOR TO FIRST DOSE;0;;;;1962; ;YEARS;M;BLACK, AFRICAN AMERICAN, OR NEGRO;;SCRFAIL;SCREEN FAILURE;USA;2001; 
NIDA-CTN-0002;DM;02_063128;SCREENING;BASELINE, ANY DAY PRIOR TO FIRST DOSE;0;2002;2002;;1971;30.499657769;YEARS;F;SPANISH, HISPANIC, OR LATINO;HISPANIC;CLON;CLONIDINE;USA;2002;1
NIDA-CTN-0002;DM;02_063158;SCREENING;BASELINE, ANY DAY PRIOR TO FIRST DOSE;0;2001;2001;;1963;38.266940452;YEARS;M;SPANISH, HISPANIC, OR LATINO;HISPANIC;BUPNAL;BUPRENORPHINE/NALOXONE;USA;2001;1
NIDA-CTN-0002;DM;02_063734;SCREENING;BASELINE, ANY DAY PRIOR TO FIRST DOSE;0;2001;2001;;1962;38.850102669;YEARS;F;SPANISH, HISPANIC, OR LATINO;HISPANIC;BUPNAL;BUPRENORPHINE/NALOXONE;USA;2001;-7
NIDA-CTN-0002;DM;02_064002;SCREENING;BASELINE, ANY DAY PRIOR TO FIRST DOSE;0;2001;2001;;1949;51.603011636;YEARS;M;WHITE;;BUPNAL;BUPRENORPHINE/NALOXONE;USA;2001;1
NIDA-CTN-0002;DM;02_064093;SCREENING;BASELINE, ANY DAY PRIOR TO FIRST DOSE;0;2001;2001;;1957;44.323066393;YEARS;F;BLACK, AFRICAN AMERICAN, OR NEGRO;;BUPNAL;BUPRENORPHINE/NALOXONE;USA;2001;-5
NIDA-CTN-0002;DM;02_064897;SCREENING;BASELINE, ANY DAY PRIOR TO FIRST DOSE;0;;;;1946; ;YEARS;M;WHITE;;SCRFAIL;SCREEN FAILURE;USA;2002; 
NIDA-CTN-0002;DM;02_065163;SCREENING;BASELINE, ANY DAY PRIOR TO FIRST DOSE;0;2002;2002;;1975;26.349075975;YEARS;M;WHITE;;BUPNAL;BUPRENORPHINE/NALOXONE;USA;2002;-1
NIDA-CTN-0002;DM;02_065216;ACTIVE;STUDY DAY 1;1;2001;2001;;1975;25.77412731;YEARS;F;BLACK, AFRICAN AMERICAN, OR NEGRO;;CLON;CLONIDINE;USA;2001;1
NIDA-CTN-0002;DM;02_065400;SCREENING;BASELINE, ANY DAY PRIOR TO FIRST DOSE;0;2001;2001;;1974;26.913073238;YEARS;M;SPANISH, HISPANIC, OR LATINO;HISPANIC;CLON;CLONIDINE;USA;2001;-1
NIDA-CTN-0002;DM;02_065406;SCREENING;BASELINE, ANY DAY PRIOR TO FIRST DOSE;0;2001;2001;;1959;42.061601643;YEARS;F;WHITE;;BUPNAL;BUPRENORPHINE/NALOXONE;USA;2001;1
NIDA-CTN-0002;DM;02_066057;ACTIVE;STUDY DAY 1;1;2001;2001;;1961;40.249144422;YEARS;M;BLACK, AFRICAN AMERICAN, OR NEGRO;;BUPNAL;BUPRENORPHINE/NALOXONE;USA;2001;1
NIDA-CTN-0002;DM;02_066131;SCREENING;BASELINE, ANY DAY PRIOR TO FIRST DOSE;0;2001;2001;;1959;42.179329227;YEARS;M;SPANISH, HISPANIC, OR LATINO;HISPANIC;BUPNAL;BUPRENORPHINE/NALOXONE;USA;2001;-1
NIDA-CTN-0002;DM;02_067891;SCREENING;BASELINE, ANY DAY PRIOR TO FIRST DOSE;0;2001;2001;;1977;24.443531828;YEARS;F;WHITE;;BUPNAL;BUPRENORPHINE/NALOXONE;USA;2001;-2
NIDA-CTN-0002;DM;02_067982;SCREENING;BASELINE, ANY DAY PRIOR TO FIRST DOSE;0;2001;2001;;1952;48.454483231;YEARS;F;BLACK, AFRICAN AMERICAN, OR NEGRO;;CLON;CLONIDINE;USA;2001;-1
NIDA-CTN-0002;DM;02_068583;SCREENING;BASELINE, ANY DAY PRIOR TO FIRST DOSE;0;2001;2001;;1959;42.280629706;YEARS;M;SPANISH, HISPANIC, OR LATINO;HISPANIC;CLON;CLONIDINE;USA;2001;-1
NIDA-CTN-0002;DM;02_068937;SCREENING;BASELINE, ANY DAY PRIOR TO FIRST DOSE;0;2001;;;1959;42.50513347;YEARS;F;OTHER;;BUPNAL;BUPRENORPHINE/NALOXONE;USA;2001;1
NIDA-CTN-0002;DM;02_069486;SCREENING;BASELINE, ANY DAY PRIOR TO FIRST DOSE;0;;;;1954; ;YEARS;M;OTHER;;SCRFAIL;SCREEN FAILURE;USA;2001; 
NIDA-CTN-0002;DM;02_069608;SCREENING;BASELINE, ANY DAY PRIOR TO FIRST DOSE;0;2001;2001;;1960;41.325119781;YEARS;M;BLACK, AFRICAN AMERICAN, OR NEGRO;;BUPNAL;BUPRENORPHINE/NALOXONE;USA;2001;-5
NIDA-CTN-0002;DM;02_069875;SCREENING;BASELINE, ANY DAY PRIOR TO FIRST DOSE;0;2001;2001;;1966;35.277207392;YEARS;F;BLACK, AFRICAN AMERICAN, OR NEGRO;;BUPNAL;BUPRENORPHINE/NALOXONE;USA;2001;-13
NIDA-CTN-0002;DM;02_070003;SCREENING;BASELINE, ANY DAY PRIOR TO FIRST DOSE;0;;;;1958; ;YEARS;F;OTHER;;SCRFAIL;SCREEN FAILURE;USA;2001; 
NIDA-CTN-0002;DM;02_070154;SCREENING;BASELINE, ANY DAY PRIOR TO FIRST DOSE;0;2002;2002;;1951;50.354551677;YEARS;M;BLACK, AFRICAN AMERICAN, OR NEGRO;;BUPNAL;BUPRENORPHINE/NALOXONE;USA;2002;-1
NIDA-CTN-0002;DM;02_070256;SCREENING;BASELINE, ANY DAY PRIOR TO FIRST DOSE;0;;;;1949; ;YEARS;F;SPANISH, HISPANIC, OR LATINO;HISPANIC;SCRFAIL;SCREEN FAILURE;USA;2001; 
NIDA-CTN-0002;DM;02_070407;SCREENING;BASELINE, ANY DAY PRIOR TO FIRST DOSE;0;2001;2001;;1964;36.440793977;YEARS;M;BLACK, AFRICAN AMERICAN, OR NEGRO;;CLON;CLONIDINE;USA;2001;-9
NIDA-CTN-0002;DM;02_070810;SCREENING;BASELINE, ANY DAY PRIOR TO FIRST DOSE;0;2001;2001;;1972;29.004791239;YEARS;M;WHITE;;CLON;CLONIDINE;USA;2001;1
NIDA-CTN-0002;DM;02_071600;SCREENING;BASELINE, ANY DAY PRIOR TO FIRST DOSE;0;2001;2001;;1955;45.631759069;YEARS;M;SPANISH, HISPANIC, OR LATINO;HISPANIC;BUPNAL;BUPRENORPHINE/NALOXONE;USA;2001;-1
NIDA-CTN-0002;DM;02_071868;SCREENING;BASELINE, ANY DAY PRIOR TO FIRST DOSE;0;2001;2001;;1969;32.429842574;YEARS;M;WHITE;;CLON;CLONIDINE;USA;2001;-6
NIDA-CTN-0002;DM;02_071895;SCREENING;BASELINE, ANY DAY PRIOR TO FIRST DOSE;0;2001;2001;;1967;34.236824093;YEARS;M;SPANISH, HISPANIC, OR LATINO;HISPANIC;BUPNAL;BUPRENORPHINE/NALOXONE;USA;2001;1
NIDA-CTN-0002;DM;02_072701;SCREENING;BASELINE, ANY DAY PRIOR TO FIRST DOSE;0;2001;2001;;1969;31.701574264;YEARS;M;OTHER;;BUPNAL;BUPRENORPHINE/NALOXONE;USA;2001;1
NIDA-CTN-0002;DM;02_074166;SCREENING;BASELINE, ANY DAY PRIOR TO FIRST DOSE;0;2002;2002;;1982;19.137577002;YEARS;F;WHITE;;BUPNAL;BUPRENORPHINE/NALOXONE;USA;2002;1
NIDA-CTN-0002;DM;02_074376;SCREENING;BASELINE, ANY DAY PRIOR TO FIRST DOSE;0;2001;2001;;1975;26.422997947;YEARS;M;WHITE;;CLON;CLONIDINE;USA;2001;-1
NIDA-CTN-0002;DM;02_074773;SCREENING;BASELINE, ANY DAY PRIOR TO FIRST DOSE;0;2001;2001;;1961;40.618754278;YEARS;M;WHITE;;BUPNAL;BUPRENORPHINE/NALOXONE;USA;2001;-1
NIDA-CTN-0002;DM;02_074821;SCREENING;BASELINE, ANY DAY PRIOR TO FIRST DOSE;0;;;;1969; ;YEARS;F;BLACK, AFRICAN AMERICAN, OR NEGRO;;SCRFAIL;SCREEN FAILURE;USA;2001; 
NIDA-CTN-0002;DM;02_075238;SCREENING;BASELINE, ANY DAY PRIOR TO FIRST DOSE;0;2001;2001;;1958;43.712525667;YEARS;M;BLACK, AFRICAN AMERICAN, OR NEGRO;;BUPNAL;BUPRENORPHINE/NALOXONE;USA;2001;-1
NIDA-CTN-0002;DM;02_075429;SCREENING;BASELINE, ANY DAY PRIOR TO FIRST DOSE;0;2001;2001;;1964;36.443531828;YEARS;F;BLACK, AFRICAN AMERICAN, OR NEGRO;;CLON;CLONIDINE;USA;2001;1
NIDA-CTN-0002;DM;02_075531;SCREENING;BASELINE, ANY DAY PRIOR TO FIRST DOSE;0;;;;1946; ;YEARS;M;SPANISH, HISPANIC, OR LATINO;HISPANIC;SCRFAIL;SCREEN FAILURE;USA;2001; 
NIDA-CTN-0002;DM;02_075651;ACTIVE;STUDY DAY 1;1;2001;2001;;1947;53.481177276;YEARS;M;BLACK, AFRICAN AMERICAN, OR NEGRO;;BUPNAL;BUPRENORPHINE/NALOXONE;USA;2001;1
NIDA-CTN-0002;DM;02_075731;SCREENING;BASELINE, ANY DAY PRIOR TO FIRST DOSE;0;;;;1947; ;YEARS;M;SPANISH, HISPANIC, OR LATINO;HISPANIC;SCRFAIL;SCREEN FAILURE;USA;2001; 
NIDA-CTN-0002;DM;02_075879;SCREENING;BASELINE, ANY DAY PRIOR TO FIRST DOSE;0;2002;2002;;1979;22.765229295;YEARS;M;WHITE;;CLON;CLONIDINE;USA;2002;1
NIDA-CTN-0002;DM;02_076025;ACTIVE;STUDY DAY 1;1;2001;2001;;1954;46.7816564;YEARS;M;WHITE;;BUPNAL;BUPRENORPHINE/NALOXONE;USA;2001;1
NIDA-CTN-0002;DM;02_077812;SCREENING;BASELINE, ANY DAY PRIOR TO FIRST DOSE;0;2001;2001;;1953;48.804928131;YEARS;M;WHITE;;CLON;CLONIDINE;USA;2001;1
NIDA-CTN-0002;DM;02_078138;SCREENING;BASELINE, ANY DAY PRIOR TO FIRST DOSE;0;2001;2001;;1970;31.044490075;YEARS;M;WHITE;;BUPNAL;BUPRENORPHINE/NALOXONE;USA;2001;1
NIDA-CTN-0002;DM;02_078453;SCREENING;BASELINE, ANY DAY PRIOR TO FIRST DOSE;0;2001;2001;;1973;28.355920602;YEARS;M;SPANISH, HISPANIC, OR LATINO;HISPANIC;CLON;CLONIDINE;USA;2001;1
NIDA-CTN-0002;DM;02_078658;SCREENING;BASELINE, ANY DAY PRIOR TO FIRST DOSE;0;2001;2001;;1970;31.019849418;YEARS;M;SPANISH, HISPANIC, OR LATINO;HISPANIC;BUPNAL;BUPRENORPHINE/NALOXONE;USA;2001;1
NIDA-CTN-0002;DM;02_079181;SCREENING;BASELINE, ANY DAY PRIOR TO FIRST DOSE;0;;;;1958; ;YEARS;M;SPANISH, HISPANIC, OR LATINO;HISPANIC;SCRFAIL;SCREEN FAILURE;USA;2001; 
NIDA-CTN-0002;DM;02_079640;SCREENING;BASELINE, ANY DAY PRIOR TO FIRST DOSE;0;;;;1962; ;YEARS;F;SPANISH, HISPANIC, OR LATINO;HISPANIC;SCRFAIL;SCREEN FAILURE;USA;2001; 
NIDA-CTN-0002;DM;02_080330;ACTIVE;STUDY DAY 1;1;2001;2001;;1981;20.350444901;YEARS;M;WHITE;;BUPNAL;BUPRENORPHINE/NALOXONE;USA;2001;1
NIDA-CTN-0002;DM;02_080478;SCREENING;BASELINE, ANY DAY PRIOR TO FIRST DOSE;0;2001;2002;;1951;50.039698836;YEARS;M;BLACK, AFRICAN AMERICAN, OR NEGRO;;BUPNAL;BUPRENORPHINE/NALOXONE;USA;2001;-1
NIDA-CTN-0002;DM;02_080480;SCREENING;BASELINE, ANY DAY PRIOR TO FIRST DOSE;0;2001;2001;;1973;28.145106092;YEARS;M;WHITE;;BUPNAL;BUPRENORPHINE/NALOXONE;USA;2001;1
NIDA-CTN-0002;DM;02_080565;SCREENING;BASELINE, ANY DAY PRIOR TO FIRST DOSE;0;2001;2001;;1969;31.624914442;YEARS;F;WHITE;;CLON;CLONIDINE;USA;2001;-6
NIDA-CTN-0002;DM;02_080936;SCREENING;BASELINE, ANY DAY PRIOR TO FIRST DOSE;0;2001;2001;;1962;38.491444216;YEARS;F;BLACK, AFRICAN AMERICAN, OR NEGRO;;BUPNAL;BUPRENORPHINE/NALOXONE;USA;2001;-2
NIDA-CTN-0002;DM;02_081016;SCREENING;BASELINE, ANY DAY PRIOR TO FIRST DOSE;0;2002;2002;;1969;32.260095825;YEARS;M;WHITE;;CLON;CLONIDINE;USA;2002;-1
NIDA-CTN-0002;DM;02_081045;SCREENING;BASELINE, ANY DAY PRIOR TO FIRST DOSE;0;2001;2001;;1974;27.353867214;YEARS;M;WHITE;;BUPNAL;BUPRENORPHINE/NALOXONE;USA;2001;-9
NIDA-CTN-0002;DM;02_081279;SCREENING;BASELINE, ANY DAY PRIOR TO FIRST DOSE;0;2001;2001;;1951;50.080766598;YEARS;M;WHITE;;BUPNAL;BUPRENORPHINE/NALOXONE;USA;2001;-1
NIDA-CTN-0002;DM;02_081535;SCREENING;BASELINE, ANY DAY PRIOR TO FIRST DOSE;0;2001;2001;;1952;49.207392197;YEARS;M;WHITE;;CLON;CLONIDINE;USA;2001;1
NIDA-CTN-0002;DM;02_081773;ACTIVE;STUDY DAY 1;1;2001;2001;;1982;18.858316222;YEARS;F;WHITE;;CLON;CLONIDINE;USA;2001;1
NIDA-CTN-0002;DM;02_083094;SCREENING;BASELINE, ANY DAY PRIOR TO FIRST DOSE;0;2001;2001;;1957;43.572895277;YEARS;F;BLACK, AFRICAN AMERICAN, OR NEGRO;;CLON;CLONIDINE;USA;2001;1
NIDA-CTN-0002;DM;02_083202;SCREENING;BASELINE, ANY DAY PRIOR TO FIRST DOSE;0;2001;2001;;1959;41.716632444;YEARS;M;BLACK, AFRICAN AMERICAN, OR NEGRO;;CLON;CLONIDINE;USA;2001;-5
NIDA-CTN-0002;DM;02_083268;ACTIVE;STUDY DAY 1;1;2001;2001;;1949;51.797399042;YEARS;M;BLACK, AFRICAN AMERICAN, OR NEGRO;;BUPNAL;BUPRENORPHINE/NALOXONE;USA;2001;1
NIDA-CTN-0002;DM;02_083701;SCREENING;BASELINE, ANY DAY PRIOR TO FIRST DOSE;0;2001;2001;;1982;18.924024641;YEARS;M;OTHER;HISPANIC;BUPNAL;BUPRENORPHINE/NALOXONE;USA;2001;1
NIDA-CTN-0002;DM;02_084318;SCREENING;BASELINE, ANY DAY PRIOR TO FIRST DOSE;0;2001;2001;;1976;25.49486653;YEARS;M;WHITE;;BUPNAL;BUPRENORPHINE/NALOXONE;USA;2001;1
NIDA-CTN-0002;DM;02_085773;SCREENING;BASELINE, ANY DAY PRIOR TO FIRST DOSE;0;2001;2001;;1953;47.852156057;YEARS;M;BLACK, AFRICAN AMERICAN, OR NEGRO;;BUPNAL;BUPRENORPHINE/NALOXONE;USA;2001;-1
NIDA-CTN-0002;DM;02_086880;SCREENING;BASELINE, ANY DAY PRIOR TO FIRST DOSE;0;2001;2001;;1959;41.864476386;YEARS;M;BLACK, AFRICAN AMERICAN, OR NEGRO;;BUPNAL;BUPRENORPHINE/NALOXONE;USA;2001;-2
NIDA-CTN-0002;DM;02_087009;ACTIVE;STUDY DAY 1;1;2001;2001;;1977;24.002737851;YEARS;M;WHITE;;CLON;CLONIDINE;USA;2001;1
NIDA-CTN-0002;DM;02_087712;ACTIVE;STUDY DAY 1;1;2001;2001;;1960;40.501026694;YEARS;M;BLACK, AFRICAN AMERICAN, OR NEGRO;;CLON;CLONIDINE;USA;2001;1
NIDA-CTN-0002;DM;02_088486;SCREENING;BASELINE, ANY DAY PRIOR TO FIRST DOSE;0;2001;2001;;1977;24.646132786;YEARS;M;WHITE;;BUPNAL;BUPRENORPHINE/NALOXONE;USA;2001;-1
NIDA-CTN-0002;DM;02_088905;SCREENING;BASELINE, ANY DAY PRIOR TO FIRST DOSE;0;;;;1950; ;YEARS;M;BLACK, AFRICAN AMERICAN, OR NEGRO;;SCRFAIL;SCREEN FAILURE;USA;2001; 
NIDA-CTN-0002;DM;02_089049;SCREENING;BASELINE, ANY DAY PRIOR TO FIRST DOSE;0;2001;2001;;1960;41.075975359;YEARS;M;BLACK, AFRICAN AMERICAN, OR NEGRO;;CLON;CLONIDINE;USA;2001;-1
NIDA-CTN-0002;DM;02_090309;SCREENING;BASELINE, ANY DAY PRIOR TO FIRST DOSE;0;2001;2001;;1972;29.749486653;YEARS;F;SPANISH, HISPANIC, OR LATINO;HISPANIC;BUPNAL;BUPRENORPHINE/NALOXONE;USA;2001;1
NIDA-CTN-0002;DM;02_090484;ACTIVE;STUDY DAY 1;1;2001;2001;;1951;49.467488022;YEARS;M;BLACK, AFRICAN AMERICAN, OR NEGRO;;CLON;CLONIDINE;USA;2001;1
NIDA-CTN-0002;DM;02_090996;SCREENING;BASELINE, ANY DAY PRIOR TO FIRST DOSE;0;2001;2001;;1960;41.133470226;YEARS;F;BLACK, AFRICAN AMERICAN, OR NEGRO;;BUPNAL;BUPRENORPHINE/NALOXONE;USA;2001;-4
NIDA-CTN-0002;DM;02_091271;SCREENING;BASELINE, ANY DAY PRIOR TO FIRST DOSE;0;2001;2001;;1954;47.156741958;YEARS;F;WHITE;;BUPNAL;BUPRENORPHINE/NALOXONE;USA;2001;-1
NIDA-CTN-0002;DM;02_091387;SCREENING;BASELINE, ANY DAY PRIOR TO FIRST DOSE;0;2001;2001;;1957;44.320328542;YEARS;M;BLACK, AFRICAN AMERICAN, OR NEGRO;;CLON;CLONIDINE;USA;2001;-1
NIDA-CTN-0002;DM;02_091614;SCREENING;BASELINE, ANY DAY PRIOR TO FIRST DOSE;0;2001;2001;;1956;44.405201916;YEARS;F;SPANISH, HISPANIC, OR LATINO;HISPANIC;BUPNAL;BUPRENORPHINE/NALOXONE;USA;2001;-1
NIDA-CTN-0002;DM;02_091644;SCREENING;BASELINE, ANY DAY PRIOR TO FIRST DOSE;0;2001;2001;;1953;48.314852841;YEARS;M;BLACK, AFRICAN AMERICAN, OR NEGRO;;CLON;CLONIDINE;USA;2001;-1
NIDA-CTN-0002;DM;02_091708;SCREENING;BASELINE, ANY DAY PRIOR TO FIRST DOSE;0;2001;2001;;1945;55.978097194;YEARS;M;OTHER;HISPANIC;CLON;CLONIDINE;USA;2001;-1
NIDA-CTN-0002;DM;02_092156;SCREENING;BASELINE, ANY DAY PRIOR TO FIRST DOSE;0;2001;2001;;1956;45.366187543;YEARS;M;SPANISH, HISPANIC, OR LATINO;HISPANIC;CLON;CLONIDINE;USA;2001;-8
NIDA-CTN-0002;DM;02_092341;SCREENING;BASELINE, ANY DAY PRIOR TO FIRST DOSE;0;2002;2002;;1953;48.780287474;YEARS;F;WHITE;;CLON;CLONIDINE;USA;2002;-4
NIDA-CTN-0002;DM;02_092638;ACTIVE;STUDY DAY 1;1;2001;2001;;1951;49.867214237;YEARS;M;WHITE;;BUPNAL;BUPRENORPHINE/NALOXONE;USA;2001;1
NIDA-CTN-0002;DM;02_093160;SCREENING;BASELINE, ANY DAY PRIOR TO FIRST DOSE;0;2001;2001;;1977;23.633127995;YEARS;M;SPANISH, HISPANIC, OR LATINO;HISPANIC;BUPNAL;BUPRENORPHINE/NALOXONE;USA;2001;-1
NIDA-CTN-0002;DM;02_093746;SCREENING;BASELINE, ANY DAY PRIOR TO FIRST DOSE;0;2001;2001;;1955;45.273100616;YEARS;F;WHITE;;CLON;CLONIDINE;USA;2001;1
NIDA-CTN-0002;DM;02_093922;SCREENING;BASELINE, ANY DAY PRIOR TO FIRST DOSE;0;;;;1967; ;YEARS;M;BLACK, AFRICAN AMERICAN, OR NEGRO;;SCRFAIL;SCREEN FAILURE;USA;2001; 
NIDA-CTN-0002;DM;02_094986;SCREENING;BASELINE, ANY DAY PRIOR TO FIRST DOSE;0;;;;1958; ;YEARS;M;BLACK, AFRICAN AMERICAN, OR NEGRO;;SCRFAIL;SCREEN FAILURE;USA;2001; 
NIDA-CTN-0002;DM;02_095071;SCREENING;BASELINE, ANY DAY PRIOR TO FIRST DOSE;0;2001;2001;;1961;40.506502396;YEARS;M;BLACK, AFRICAN AMERICAN, OR NEGRO;;BUPNAL;BUPRENORPHINE/NALOXONE;USA;2001;-1
NIDA-CTN-0002;DM;02_095218;SCREENING;BASELINE, ANY DAY PRIOR TO FIRST DOSE;0;2001;2001;;1970;31.471594798;YEARS;F;WHITE;;CLON;CLONIDINE;USA;2001;-1
NIDA-CTN-0002;DM;02_095665;SCREENING;BASELINE, ANY DAY PRIOR TO FIRST DOSE;0;2001;2001;;1954;47.348391513;YEARS;M;BLACK, AFRICAN AMERICAN, OR NEGRO;;BUPNAL;BUPRENORPHINE/NALOXONE;USA;2001;-5
NIDA-CTN-0002;DM;02_096259;SCREENING;BASELINE, ANY DAY PRIOR TO FIRST DOSE;0;;;;1964; ;YEARS;M;WHITE;;SCRFAIL;SCREEN FAILURE;USA;2001; 
NIDA-CTN-0002;DM;02_097175;SCREENING;BASELINE, ANY DAY PRIOR TO FIRST DOSE;0;2001;2001;;1967;33.905544148;YEARS;F;WHITE;;CLON;CLONIDINE;USA;2001;-7
NIDA-CTN-0002;DM;02_097455;SCREENING;BASELINE, ANY DAY PRIOR TO FIRST DOSE;0;2001;2001;;1964;36.438056126;YEARS;F;WHITE;;BUPNAL;BUPRENORPHINE/NALOXONE;USA;2001;-1
NIDA-CTN-0002;DM;02_097852;SCREENING;BASELINE, ANY DAY PRIOR TO FIRST DOSE;0;2001;2001;;1978;22.98973306;YEARS;M;SPANISH, HISPANIC, OR LATINO;HISPANIC;BUPNAL;BUPRENORPHINE/NALOXONE;USA;2001;1
NIDA-CTN-0002;DM;02_098074;SCREENING;BASELINE, ANY DAY PRIOR TO FIRST DOSE;0;2001;2001;;1951;50.176591376;YEARS;M;WHITE;;BUPNAL;BUPRENORPHINE/NALOXONE;USA;2001;-5
NIDA-CTN-0002;DM;02_098425;SCREENING;BASELINE, ANY DAY PRIOR TO FIRST DOSE;0;2001;2001;;1951;49.221081451;YEARS;M;WHITE;;CLON;CLONIDINE;USA;2001;-1
NIDA-CTN-0002;DM;02_098689;SCREENING;BASELINE, ANY DAY PRIOR TO FIRST DOSE;0;;;;1964; ;YEARS;M;SPANISH, HISPANIC, OR LATINO;HISPANIC;SCRFAIL;SCREEN FAILURE;USA;2001; 
NIDA-CTN-0002;DM;02_099053;SCREENING;BASELINE, ANY DAY PRIOR TO FIRST DOSE;0;2001;2001;;1957;43.945242984;YEARS;M;BLACK, AFRICAN AMERICAN, OR NEGRO;;BUPNAL;BUPRENORPHINE/NALOXONE;USA;2001;-1
NIDA-CTN-0002;DM;02_099368;SCREENING;BASELINE, ANY DAY PRIOR TO FIRST DOSE;0;2001;2001;;1981;20.52019165;YEARS;M;SPANISH, HISPANIC, OR LATINO;HISPANIC;BUPNAL;BUPRENORPHINE/NALOXONE;USA;2001;1
NIDA-CTN-0002;DM;02_099926;SCREENING;BASELINE, ANY DAY PRIOR TO FIRST DOSE;0;2001;2001;;1970;30.726899384;YEARS;M;WHITE;;BUPNAL;BUPRENORPHINE/NALOXONE;USA;2001;-1
